Title	Title_link	Thumbnail	cost	recent-order	Headline	SKU	shipping
FERMENTER TAP - ADJUSTABLE SPOUT WITH BULKHEAD	https://www.aliexpress.com/item/4001081523859.html	https://ae01.alicdn.com/kf/Ha1fc69d23c3348e6b5853b0a5d97ca15f/FERMENTER-TAP-ADJUSTABLE-SPOUT-WITH-BULKHEAD.jpg_200x200.jpg	0.8	Orders(8)	FERMENTER TAP - ADJUSTABLE SPOUT WITH BULKHEAD	KL01632	2.28
Machined Stainless Ball Lock Disconnect - Barb...	https://www.aliexpress.com/item/4001058320981.html	https://ae01.alicdn.com/kf/Hf16238651a7045359dfaa49235bc961fP/Machined-Stainless-Ball-Lock-Disconnect-Barb-Black-Liquid-.jpg_200x200.jpg	11.9	Orders(11)	Machined Stainless Ball Lock Disconnect - Barb (Black/Liquid)	"KL09522,KL07221"	3.95
"duotight - 9.5mm (3/8"") Plugduotight - 9.5mm (3/8"") Plug"	https://www.aliexpress.com/item/4001058519445.html	https://ae01.alicdn.com/kf/H8b3ca8eff94a4a088e045ecc66302205G/duotight-9-5mm-3-8-Plugduotight-9-5mm-3-8-Plug.jpg_200x200.jpg	0.2	Orders(27)	"duotight - 9.5mm (3/8"") Plugduotight - 9.5mm (3/8"") Plug"	KL06965	1.69
Cornelius Type Ball Lock Gas Post (Female Thread)	https://www.aliexpress.com/item/4001193433316.html	https://ae01.alicdn.com/kf/Hddef9051bc8f45518a0704a342c2ba593/Cornelius-Type-Ball-Lock-Gas-Post-Female-Thread-.jpg_200x200.jpg	2.2	Orders(25)	Cornelius Type Ball Lock Gas Post (Female Thread)	KL03049	1.93
"home brew drip tray Stainless Steel, NO drain tube, 12""..."	https://www.aliexpress.com/item/1005001515886286.html	https://ae01.alicdn.com/kf/H10cc125bb0224c8584bcfff0dee69ff39/home-brew-drip-tray-Stainless-Steel-NO-drain-tube-12-30cm-Wide-Door-Mounted.jpg_200x200.jpg	19.8	Order(1)	"home brew drip tray Stainless Steel, NO drain tube, 12"" 30cm Wide,Door Mounted"	KL01380	25.21
Brewzilla Stainless Pulley Set	https://www.aliexpress.com/item/1005001297168200.html	https://ae01.alicdn.com/kf/Hb8239dbf135c4e6e824e018752e55840S/Brewzilla-Stainless-Pulley-Set.jpg_200x200.jpg	11.9	Orders(3)	Brewzilla Stainless Pulley Set	KL15875	8.58
Nitrogen (N2) Gas Regulator | MK4 Dual Gauge Multi Gas -...	https://www.aliexpress.com/item/1005001571434971.html	https://ae01.alicdn.com/kf/H7da8bc2c374f4195a3674a21614dca70H/Nitrogen-N2-Gas-Regulator-MK4-Dual-Gauge-Multi-Gas-Type-50.png_200x200.png	26	Order(1)	Nitrogen (N2) Gas Regulator | MK4 Dual Gauge Multi Gas - Type 50	KL07443	22.84
PCO1881 x PCO1881 Female Ball Balve - Dry Hop Device for...	https://www.aliexpress.com/item/1005001493355889.html	https://ae01.alicdn.com/kf/He3b2191533b248f9b12d62595707a8919/PCO1881-x-PCO1881-Female-Ball-Balve-Dry-Hop-Device-for-FermZilla.jpg_200x200.jpg	8.7	Orders(42)	PCO1881 x PCO1881 Female Ball Balve - Dry Hop Device for FermZilla	KL18074	5.61
REPLACEMENT RIGHT ANGLE SILICONE ELBOW BEND FOR ROBOBREW...	https://www.aliexpress.com/item/4001242032846.html	https://ae01.alicdn.com/kf/Hdf1e772012a94eba8a45a419aad3fbf5c/REPLACEMENT-RIGHT-ANGLE-SILICONE-ELBOW-BEND-FOR-ROBOBREW-35L.jpg_200x200.jpg	1	Orders(15)	REPLACEMENT RIGHT ANGLE SILICONE ELBOW BEND FOR ROBOBREW 35L	KL06293	1.93
Activated Carbon Filter Funnel Kit	https://www.aliexpress.com/item/4001095327126.html	https://ae01.alicdn.com/kf/H037afcb733e74ef884760cb3e2ea0aabl/Activated-Carbon-Filter-Funnel-Kit.jpg_200x200.jpg	49	Orders(5)	Activated Carbon Filter Funnel Kit	KB01225	20.74
beer brewing SEALED LID FOR 35L DIGIBOIL / 35L ROBOBREW...	https://www.aliexpress.com/item/4001089830700.html	https://ae01.alicdn.com/kf/He63161ea11c34ce69d375ababcaea0e21/beer-brewing-SEALED-LID-FOR-35L-DIGIBOIL-35L-ROBOBREW-TURBO-BOILER-NO-HOLE-KL03469.jpg_200x200.jpg	8.8	Orders(9)	beer brewing SEALED LID FOR 35L DIGIBOIL / 35L ROBOBREW / TURBO BOILER (NO HOLE) KL03469	KL03469	8.58
"30"" 304 Stainless Steel Mash Paddle Tun Mixing Stir..."	https://www.aliexpress.com/item/4001242141184.html	https://ae01.alicdn.com/kf/Hd438926e7f35411684568cf754e1390eV/30-304-Stainless-Steel-Mash-Paddle-Tun-Mixing-Stir-Paddle-16-hole-paddle-Homebrew-Beer.jpg_200x200.jpg	15.6	Orders(2)	"30"" 304 Stainless Steel Mash Paddle Tun Mixing Stir Paddle 16 hole paddle Homebrew Beer"	KL03797	22.66
"Cornelius Type Ball Lock Gas Post with 1/2"" Male Thread..."	https://www.aliexpress.com/item/4001219740560.html	https://ae01.alicdn.com/kf/H64c48269e87f4510a0918eeea93ef24dC/Cornelius-Type-Ball-Lock-Gas-Post-with-1-2-Male-Thread-Mytton-Rod-Rheem-Kegs.png_200x200.png	5.4	Orders(6)	"Cornelius Type Ball Lock Gas Post with 1/2"" Male Thread - Mytton Rod / Rheem Kegs"	KL16452	1.93
home bre tube  FOOD GRADE VINYL  10MM ID X 14MM OD PER...	https://www.aliexpress.com/item/1005001572471853.html	https://ae01.alicdn.com/kf/H5d6eba24f1974b8d91c200e41c1a24b31/home-bre-tube-FOOD-GRADE-VINYL-10MM-ID-X-14MM-OD-PER-METRE.jpg_200x200.jpg	0.7	Orders(2)	home bre tube  FOOD GRADE VINYL  10MM ID X 14MM OD PER METRE	KL02349	3.83
DIGITAL THERMOMETER / OVEN TIMER / STAINLESS TEMPERATURE...	https://www.aliexpress.com/item/1005001453147353.html	https://ae01.alicdn.com/kf/H7dcabb5875e040b3a462e14f6fb378a2Y/DIGITAL-THERMOMETER-OVEN-TIMER-STAINLESS-TEMPERATURE-PROBE-home-brew.jpg_200x200.jpg	5.9	Orders(4)	DIGITAL THERMOMETER / OVEN TIMER / STAINLESS TEMPERATURE PROBE   home brew	KL04886	2.64
PUNCHED KEGLAND STAINLESS STEEL COUNTER TOP DRIP TRAY...	https://www.aliexpress.com/item/1005001315510352.html	https://ae01.alicdn.com/kf/Hd8dcddf73e24415bbdbc7b0de0d46f57U/PUNCHED-KEGLAND-STAINLESS-STEEL-COUNTER-TOP-DRIP-TRAY-50CM-.jpg_200x200.jpg	20.8	Order(1)	PUNCHED KEGLAND STAINLESS STEEL COUNTER TOP DRIP TRAY (50CM)	KL13178	16.88
duotight - 8mm(5/16) x 1/4 BSP Male (With Seated O-ring)	https://www.aliexpress.com/item/1005001571951910.html	https://ae01.alicdn.com/kf/Hf6553aa5b2ce468eb0a68e7e5b3317e1P/duotight-8mm-5-16-x-1-4-BSP-Male-With-Seated-O-ring-.jpg_200x200.jpg	0.9	Orders(6)	duotight - 8mm(5/16) x 1/4 BSP Male (With Seated O-ring)	KL06897	1.69
"DUOTIGHT 9.5MM(3/8) PUSH IN TO 3/4"" FEMALE"	https://www.aliexpress.com/item/4001249158185.html	https://ae01.alicdn.com/kf/H049975d692e441b5940f61a5bfe20acfx/DUOTIGHT-9-5MM-3-8-PUSH-IN-TO-3-4-FEMALE.jpg_200x200.jpg	1	Orders(12)	"DUOTIGHT 9.5MM(3/8) PUSH IN TO 3/4"" FEMALE"	KL13864	1.81
Cannular Table Spacer - Used for 330ml Cans	https://www.aliexpress.com/item/4001062659137.html	https://ae01.alicdn.com/kf/H28ae0bd120da40a587bf73c8daa54abaZ/Cannular-Table-Spacer-Used-for-330ml-Cans.jpg_200x200.jpg	6.6	Orders(16)	Cannular Table Spacer - Used for 330ml Cans	"KL13086,KL13093"	3.23
CO2 Gas Regulator | MKIII Dual Gauge Multi Gas - Type 30	https://www.aliexpress.com/item/4001102124717.html	https://ae01.alicdn.com/kf/Ha10a0286f8d245a1a1ae7e0993003b30e/CO2-Gas-Regulator-MKIII-Dual-Gauge-Multi-Gas-Type-30.jpg_200x200.jpg	17.8	Orders(35)	CO2 Gas Regulator | MKIII Dual Gauge Multi Gas - Type 30	"KL02110,KL03025,KL06880"	15.71
VISY CHUCK FOR B64 ARDAGH GROUP CAN ENDS - SUITS...	https://www.aliexpress.com/item/4001119724583.html	https://ae01.alicdn.com/kf/Hd6426e11db014f90b26ebc22d9cd687f2/VISY-CHUCK-FOR-B64-ARDAGH-GROUP-CAN-ENDS-SUITS-CANNULAR-CANNING-MACHINE.jpg_200x200.jpg	24	Orders(6)	VISY CHUCK FOR B64 ARDAGH GROUP CAN ENDS - SUITS CANNULAR CANNING MACHINE	KL13208	5.01
Hop Missile | Inline Hop Infuser | Hop Back	https://www.aliexpress.com/item/4001338214813.html	https://ae01.alicdn.com/kf/Hb71edc3d23eb45ecb6acadaa1e387c86s/Hop-Missile-Inline-Hop-Infuser-Hop-Back.jpg_200x200.jpg	109	Orders(5)	Hop Missile | Inline Hop Infuser | Hop Back	KL15134	24.03
Home brew 5L AMERICAN WHITE OAK BARREL	https://www.aliexpress.com/item/4001086769291.html	https://ae01.alicdn.com/kf/Hec5314ea8c4847359c490b108c618337h/Home-brew-5L-AMERICAN-WHITE-OAK-BARREL.jpg_200x200.jpg	65	Order(1)	Home brew 5L AMERICAN WHITE OAK BARREL	KL04657	20.74
Silicone Washer for 1/2 BSP	https://www.aliexpress.com/item/1005001458050101.html	https://ae01.alicdn.com/kf/H2bc24ba06b794fc09270fdd79519cd45j/Silicone-Washer-for-1-2-BSP.jpg_200x200.jpg	0.65	Orders(4)	Silicone Washer for 1/2 BSP	KL03704	1.93
24V DC POWER SUPPLY (240V AC 50/60HZ) - WITH ANDERSON...	https://www.aliexpress.com/item/4001042619734.html	https://ae01.alicdn.com/kf/H7d36a4c5a655488fa7443ef293e11107Q/24V-DC-POWER-SUPPLY-240V-AC-50-60HZ-WITH-ANDERSON-PLUG-HIGH-AMP-CURRENT-110v-240v.jpg_200x200.jpg	41.8	Orders(12)	24V DC POWER SUPPLY (240V AC 50/60HZ) - WITH ANDERSON PLUG - HIGH AMP CURRENT(110v-240v)	"KL12539,KL07467,KL10856,KL12539"	13.34
"Stainless Steel Camlock Fitting, Camlock- Type B Female..."	https://www.aliexpress.com/item/4001061341259.html	https://ae01.alicdn.com/kf/H2f6120363bbd44af955aa9466f4bbbd0M/Stainless-Steel-Camlock-Fitting-Camlock-Type-B-Female-X-1-2-BSP-Male-Home-Brew.jpg_200x200.jpg	4.2	Orders(8)	"Stainless Steel Camlock Fitting, Camlock- Type B Female X 1/2"" BSP Male Home Brew"	KL04480	2.64
ROBOBREW/BREWZILLA  35L GEN3 - OVERFLOW CONE	https://www.aliexpress.com/item/4001338262014.html	https://ae01.alicdn.com/kf/H14b6358dafdd4e758f9bd6de8bd0353dW/ROBOBREW-BREWZILLA-35L-GEN3-OVERFLOW-CONE.jpg_200x200.jpg	3.1	Orders(7)	ROBOBREW/BREWZILLA  35L GEN3 - OVERFLOW CONE	KL05944	3.23
FERMZILLA - 60L - ALL ROUNDER - PRESSURE RATED...	https://www.aliexpress.com/item/4001173849494.html	https://ae01.alicdn.com/kf/H51159a87b9cd4e7e917ddb7ff1983221W/FERMZILLA-60L-ALL-ROUNDER-PRESSURE-RATED-KEG-FERMENTER.jpg_200x200.jpg	34.9	Orders(4)	FERMZILLA - 60L - ALL ROUNDER - PRESSURE RATED KEG/FERMENTER	KL15196	30.36
MaltZilla with Integrated 24v Motor - The Diamond Grain...	https://www.aliexpress.com/item/4001159258277.html	https://ae01.alicdn.com/kf/Ha048ac690d8b48978c1bd1596dbb5b73c/MaltZilla-with-Integrated-24v-Motor-The-Diamond-Grain-Mill-Standard-Diamond-Rollers.jpg_200x200.jpg	106	Orders(6)	MaltZilla with Integrated 24v Motor - The Diamond Grain Mill - Standard Diamond Rollers	KL15691	28.43
DUOTIGHT - 9.5MM (3/8) X 1/2INCH MALE	https://www.aliexpress.com/item/4001115971234.html	https://ae01.alicdn.com/kf/He63d58ceda624c00adad83f374f13977U/DUOTIGHT-9-5MM-3-8-X-1-2INCH-MALE.jpg_200x200.jpg	0.88	Orders(34)	DUOTIGHT - 9.5MM (3/8) X 1/2INCH MALE	KL06927	1.81
"Faucet Spanner,5 in 1  Font Fix and Repair Kits,for home..."	https://www.aliexpress.com/item/1005001314136066.html	https://ae01.alicdn.com/kf/Hc641ffc21d204c948a36e7c9a9ba3820G/Faucet-Spanner-5-in-1-Font-Fix-and-Repair-Kits-for-home-brewing.jpg_200x200.jpg	0.6	Orders(9)	"Faucet Spanner,5 in 1  Font Fix and Repair Kits,for home brewing"	KL01199	3.83
0.2 MICRON AIR FILTER - AIRLOCK OR AERATION	https://www.aliexpress.com/item/1005001315677199.html	https://ae01.alicdn.com/kf/H92de723ebf2b4a61b4aad4de1d227d42j/0-2-MICRON-AIR-FILTER-AIRLOCK-OR-AERATION.jpg_200x200.jpg	1	Orders(9)	0.2 MICRON AIR FILTER - AIRLOCK OR AERATION	KL08587	1.93
15L Wash Out / Line Cleaning Keg	https://www.aliexpress.com/item/4001162748110.html	https://ae01.alicdn.com/kf/H13aaa47df5484c2da6bf59a017c500f1B/15L-Wash-Out-Line-Cleaning-Keg.jpg_200x200.jpg	87	Order(1)	15L Wash Out / Line Cleaning Keg	KL02936	28.43
BrewZilla Generation 3.1.1 - LCD Control Panel	https://www.aliexpress.com/item/4001227737015.html	https://ae01.alicdn.com/kf/Hcdcf8eee63fa427b91825b066dffb82fz/BrewZilla-Generation-3-1-1-LCD-Control-Panel.jpg_200x200.jpg	4.5	Orders(8)	BrewZilla Generation 3.1.1 - LCD Control Panel	KL06316	4.42
Coolossus - Passivated Stainless Steel Counter Flow...	https://www.aliexpress.com/item/4001111037384.html	https://ae01.alicdn.com/kf/H059e4b660faa4381bd4a56b2f5551e2d3/Coolossus-Passivated-Stainless-Steel-Counter-Flow-Chiller-Heat-Exchanger.jpg_200x200.jpg	95	Orders(6)	Coolossus - Passivated Stainless Steel Counter Flow Chiller Heat Exchanger	KL08747	26.51
DUOTIGHT - 9.5MM (3/8) X 1/2INCH MALE BALL VALVE	https://www.aliexpress.com/item/4001162859551.html	https://ae01.alicdn.com/kf/Hdcca90634578445f9c07fe27e39e20cfu/DUOTIGHT-9-5MM-3-8-X-1-2INCH-MALE-BALL-VALVE.jpg_200x200.jpg	0.88	Orders(14)	DUOTIGHT - 9.5MM (3/8) X 1/2INCH MALE BALL VALVE	KL07375	1.93
1.5INCH TRI-CLOVER TO 3/4INCH FEMALE	https://www.aliexpress.com/item/1005001519319815.html	https://ae01.alicdn.com/kf/H2952f52fa9b7421d894c5c096879826en/1-5INCH-TRI-CLOVER-TO-3-4INCH-FEMALE.jpg_200x200.jpg	3.2	Order(1)	1.5INCH TRI-CLOVER TO 3/4INCH FEMALE	KL01892	2.05
"High Quality Stainless Steel, Male Quick Disconnect Set..."	https://www.aliexpress.com/item/1005001581028946.html	https://ae01.alicdn.com/kf/H2d9e13d12b57407ea6065109837e5adaX/High-Quality-Stainless-Steel-Male-Quick-Disconnect-Set-13mm-Barb-Homebrew-Fitting-1-2-Barb.jpg_200x200.jpg	1.9	Orders(2)	"High Quality Stainless Steel, Male Quick Disconnect Set 13mm Barb, Homebrew Fitting, 1/2""Barb"	KL03568	1.93
STAINLESS EQUAL TEE WITH INTERNAL 1/2 BSP THREAD	https://www.aliexpress.com/item/4001135768344.html	https://ae01.alicdn.com/kf/H1e8a09cec7d84f4e97e6d0e92ce8c0adA/STAINLESS-EQUAL-TEE-WITH-INTERNAL-1-2-BSP-THREAD.jpg_200x200.jpg	1	Orders(4)	STAINLESS EQUAL TEE WITH INTERNAL 1/2 BSP THREAD	KL06606	3.23
DUOTIGHT - 8MM (5/16) X 1/4 BSP MALE BULKHEAD (WITH...	https://www.aliexpress.com/item/4001110805940.html	https://ae01.alicdn.com/kf/H90afdeec10e14eda8308be885c85d074M/DUOTIGHT-8MM-5-16-X-1-4-BSP-MALE-BULKHEAD-WITH-SEATED-O-RING-INCLUDES-LOCKING.jpg_200x200.jpg	1.5	Orders(80)	DUOTIGHT - 8MM (5/16) X 1/4 BSP MALE BULKHEAD (WITH SEATED O-RING) INCLUDES LOCKING NUT (SUITABLE FOR 60CM THERMOWELLS)	KL14595	1.93
FermZilla - Dump Valve - Cone Seal	https://www.aliexpress.com/item/4001219557369.html	https://ae01.alicdn.com/kf/Hb872412a52bc462cbd3c91ec5643955aJ/FermZilla-Dump-Valve-Cone-Seal.jpg_200x200.jpg	9.9	Orders(11)	FermZilla - Dump Valve - Cone Seal	KL12690	6.2
Nukatap - Seal Kit (suits FC and non-FC)	https://www.aliexpress.com/item/4001054434694.html	https://ae01.alicdn.com/kf/H803f3dcaeaba44eb9d2f794938214264j/Nukatap-Seal-Kit-suits-FC-and-non-FC-.jpg_200x200.jpg	1.5	Orders(21)	Nukatap - Seal Kit (suits FC and non-FC)	KL15530	1.69
8mm O/D Push In Ball Valve for contect brewing tube	https://www.aliexpress.com/item/1005001616318130.html	https://ae01.alicdn.com/kf/H48231b8161474fa0a0b185c5abbe9dbcB/8mm-O-D-Push-In-Ball-Valve-for-contect-brewing-tube.jpg_200x200.jpg	2	Orders(2)	8mm O/D Push In Ball Valve for contect brewing tube	KL02417	1.81
STAINLESS STEPLESS CLAMP (SUIT 6-8MM OD) 9.5MM	https://www.aliexpress.com/item/1005001616381572.html	https://ae01.alicdn.com/kf/H916e62d4142a437fbb68e1674c0df5a5u/STAINLESS-STEPLESS-CLAMP-SUIT-6-8MM-OD-9-5MM.jpg_200x200.jpg	2.1	Orders(4)	STAINLESS STEPLESS CLAMP (SUIT 6-8MM OD) 9.5MM	KL06675	2.64
"32mm Hole Punch, Knockout Die and Punch Set, Slugbuster"	https://www.aliexpress.com/item/4001061748568.html	https://ae01.alicdn.com/kf/Ha5ce15376a2a404f81e5316d48f9441fr/32mm-Hole-Punch-Knockout-Die-and-Punch-Set-Slugbuster.jpg_200x200.jpg	9.5	Orders(17)	"32mm Hole Punch, Knockout Die and Punch Set, Slugbuster"	"KL10849,KL10825,KL10832,KL10849"	3.23
home brew GAS REGULATOR  MKIII DUAL GUAGE MULTI	https://www.aliexpress.com/item/4001307390389.html	https://ae01.alicdn.com/kf/Hfb301a08f35749d6b1ca0b0884d4defco/home-brew-GAS-REGULATOR-MKIII-DUAL-GUAGE-MULTI.jpg_200x200.jpg	19.5	Orders(2)	home brew GAS REGULATOR  MKIII DUAL GUAGE MULTI	KL02127	22.84
Replacement Tank for 60L All Rounder FermZilla	https://www.aliexpress.com/item/4001334438612.html	https://ae01.alicdn.com/kf/H5362662445794bb69fd14de03bcfff42m/Replacement-Tank-for-60L-All-Rounder-FermZilla.jpg_200x200.jpg	22	Order(1)	Replacement Tank for 60L All Rounder FermZilla	KL15226	18.81
BLOWTIE COMPLETE KIT (DIAPHRAGM SPUNDING VALVE)	https://www.aliexpress.com/item/4001035043356.html	https://ae01.alicdn.com/kf/H50e23368b44f47edab90a3316b68d586V/BLOWTIE-COMPLETE-KIT-DIAPHRAGM-SPUNDING-VALVE-.jpg_200x200.jpg	11.2	Orders(675)	BLOWTIE COMPLETE KIT (DIAPHRAGM SPUNDING VALVE)	"KL09706,KL09706"	6.2
"duotight - 6.5mm (1/4"") x 8mm (5/16"") Reducer"	https://www.aliexpress.com/item/4001057817837.html	https://ae01.alicdn.com/kf/Hb3dbaf6ef7bc4196a758e60dee64980aV/duotight-6-5mm-1-4-x-8mm-5-16-Reducer.jpg_200x200.jpg	1	Orders(100)	"duotight - 6.5mm (1/4"") x 8mm (5/16"") Reducer"	KL07481	1.69
A-type Keg Opening Tool for Commercial Kegs	https://www.aliexpress.com/item/4001238498636.html	https://ae01.alicdn.com/kf/H595b42364e3343a59b6b41d6a744ee14Z/A-type-Keg-Opening-Tool-for-Commercial-Kegs.jpg_200x200.jpg	11.9	Orders(8)	A-type Keg Opening Tool for Commercial Kegs	KL02738	12.15
